{"loss":{"0":1.5685694218,"1":1.0001751184,"2":0.8136090636,"3":0.7048991323,"4":0.6225969195,"5":0.5575439334,"6":0.5182179213,"7":0.4677728117,"8":0.4333444834,"9":0.4044505954,"10":0.3715071976,"11":0.3641939759,"12":0.3521884382,"13":0.3344131112,"14":0.3196565211,"15":0.2979351282,"16":0.2997203767,"17":0.2793011665,"18":0.2859711051,"19":0.2887819409,"20":0.2842018604,"21":0.2822332978,"22":0.262117058,"23":0.2897911072,"24":0.2558158338,"25":0.2459260672,"26":0.2595988214,"27":0.2535206378,"28":0.2556084692,"29":0.2558618784},"accuracy":{"0":0.4596000016,"1":0.6519600153,"2":0.7165200114,"3":0.7541800141,"4":0.7839199901,"5":0.8041599989,"6":0.8196399808,"7":0.8369600177,"8":0.8497800231,"9":0.8590999842,"10":0.8704400063,"11":0.8760200143,"12":0.8797600269,"13":0.8877199888,"14":0.8920400143,"15":0.8988999724,"16":0.9004399776,"17":0.9072999954,"18":0.9045400023,"19":0.9048799872,"20":0.9072999954,"21":0.9095000029,"22":0.9150800109,"23":0.9064000249,"24":0.9172800183,"25":0.9209600091,"26":0.917840004,"27":0.9193999767,"28":0.9208999872,"29":0.9193400145},"val_loss":{"0":1.1787463427,"1":0.8976796865,"2":0.8067165017,"3":0.776515305,"4":0.7908853292,"5":0.7491942048,"6":0.7379006147,"7":0.7837280035,"8":0.7759554386,"9":0.8531336188,"10":0.8271331787,"11":0.8489370942,"12":0.9696655273,"13":0.8857720494,"14":0.8809604645,"15":0.9168672562,"16":0.9338645339,"17":1.0714160204,"18":0.945508182,"19":1.0939073563,"20":1.0415371656,"21":1.057841301,"22":1.1498548985,"23":1.1032793522,"24":1.1580824852,"25":1.27708745,"26":1.2096915245,"27":1.1812707186,"28":1.183165431,"29":1.1992714405},"val_accuracy":{"0":0.5814999938,"1":0.6927999854,"2":0.7296000123,"3":0.7322999835,"4":0.7382000089,"5":0.7508999705,"6":0.7616000175,"7":0.7574999928,"8":0.7651000023,"9":0.7566999793,"10":0.7595999837,"11":0.7583000064,"12":0.7524999976,"13":0.766900003,"14":0.7730000019,"15":0.7641999722,"16":0.7699000239,"17":0.7491999865,"18":0.7541999817,"19":0.7587000132,"20":0.7541000247,"21":0.7678999901,"22":0.7558000088,"23":0.7595000267,"24":0.7574999928,"25":0.7325999737,"26":0.7573999763,"27":0.7519999743,"28":0.7508999705,"29":0.7551000118}}